{
  "policy": "codex_iteration_4",
  "real_log": "control/policy/codex_iteration_4/debug_ctrl_real.csv",
  "sim_log": "control/policy/codex_iteration_4/debug_ctrl_sim.csv",
  "fs_real_hz": 50.01376053802034,
  "fs_sim_hz": 50.00481651923031,
  "real_segment": {
    "threshold": 0.007595246848711531,
    "quantile": 75.0,
    "used_active_segment": 1.0,
    "start_idx": 600.0,
    "end_idx": 1530.0,
    "n_samples": 930.0,
    "duration_s": 18.582422018051147
  },
  "sim_segment": {
    "used_active_segment": 0.0,
    "start_idx": 0.0,
    "end_idx": 2268.0,
    "n_samples": 2268.0,
    "duration_s": 45.340903997421265
  },
  "output_dir": "control/policy/codex_iteration_4/frequency_compare",
  "peak_hz": {
    "actions": {
      "real": [
        1.5058,
        0.1076,
        1.936,
        1.936,
        1.936,
        1.936,
        1.8822,
        1.936,
        1.8285,
        1.9898,
        1.9898,
        1.936
      ],
      "sim": [
        0.5372,
        0.5372,
        2.1486,
        0.5372,
        0.5372,
        1.6603,
        0.5372,
        2.1486,
        0.5372,
        2.1975,
        0.5372,
        0.5372
      ]
    },
    "obs_joint_pos": {
      "real": [
        0.0538,
        0.0538,
        0.0538,
        0.0538,
        0.0538,
        0.0538,
        0.0538,
        0.0538,
        0.0538,
        0.0538,
        0.0538,
        0.0538
      ],
      "sim": [
        0.5372,
        0.5372,
        0.5372,
        0.5372,
        2.6858,
        0.5372,
        0.5372,
        2.1975,
        1.0743,
        1.0743,
        0.879,
        0.5372
      ]
    },
    "obs_joint_vel": {
      "real": [
        9.6263,
        1.9898,
        9.949,
        0.2689,
        0.1076,
        0.1076,
        6.7223,
        8.3356,
        9.1961,
        0.1613,
        0.1613,
        0.9142
      ],
      "sim": [
        3.7601,
        1.0743,
        1.1232,
        1.6603,
        2.6858,
        2.7346,
        3.2718,
        2.1975,
        2.051,
        2.1975,
        2.6858,
        4.5903
      ]
    }
  }
}