{
  "policy": "codex_iteration_4",
  "real_log": "control/policy/codex_iteration_4/debug_ctrl_real.csv",
  "sim_log": "control/policy/codex_iteration_4/debug_ctrl_sim.csv",
  "fs_real_hz": 50.01376053802034,
  "fs_sim_hz": 49.99289613578393,
  "real_segment": {
    "threshold": 0.007595246848711531,
    "quantile": 75.0,
    "used_active_segment": 1.0,
    "start_idx": 600.0,
    "end_idx": 1530.0,
    "n_samples": 930.0,
    "duration_s": 18.582422018051147
  },
  "sim_segment": {
    "used_active_segment": 0.0,
    "start_idx": 0.0,
    "end_idx": 2860.0,
    "n_samples": 2860.0,
    "duration_s": 57.19142007827759
  },
  "output_dir": "control/policy/codex_iteration_4/frequency_compare",
  "peak_hz": {
    "actions": {
      "real": [
        1.5058,
        0.1076,
        1.936,
        1.936,
        1.936,
        1.936,
        1.8822,
        1.936,
        1.8285,
        1.9898,
        1.9898,
        1.936
      ],
      "sim": [
        0.5859,
        0.5859,
        1.8552,
        1.8552,
        0.5859,
        0.8788,
        0.6347,
        0.2929,
        0.5859,
        2.4411,
        1.8552,
        0.5859
      ]
    },
    "obs_joint_pos": {
      "real": [
        0.0538,
        0.0538,
        0.0538,
        0.0538,
        0.0538,
        0.0538,
        0.0538,
        0.0538,
        0.0538,
        0.0538,
        0.0538,
        0.0538
      ],
      "sim": [
        0.5859,
        0.5859,
        0.5859,
        0.5859,
        2.5875,
        0.5859,
        0.6347,
        0.9764,
        0.5859,
        1.2205,
        1.5623,
        0.5859
      ]
    },
    "obs_joint_vel": {
      "real": [
        9.6263,
        1.9898,
        9.949,
        0.2689,
        0.1076,
        0.1076,
        6.7223,
        8.3356,
        9.1961,
        0.1613,
        0.1613,
        0.9142
      ],
      "sim": [
        2.5875,
        2.9293,
        1.2205,
        1.8552,
        2.5875,
        2.8316,
        2.8316,
        2.5875,
        1.8552,
        2.3922,
        2.5875,
        4.638
      ]
    }
  }
}