{
  "policy": "codex_iteration_3",
  "real_log": "control/policy/codex_iteration_3/debug_ctrl_real.csv",
  "sim_log": "control/policy/codex_iteration_3/debug_ctrl_sim.csv",
  "fs_real_hz": 50.00123980735301,
  "fs_sim_hz": 49.99230026579578,
  "real_segment": {
    "threshold": 0.02338671719618119,
    "quantile": 75.0,
    "used_active_segment": 1.0,
    "start_idx": 359.0,
    "end_idx": 1310.0,
    "n_samples": 951.0,
    "duration_s": 18.997984170913696
  },
  "sim_segment": {
    "used_active_segment": 0.0,
    "start_idx": 0.0,
    "end_idx": 1551.0,
    "n_samples": 1551.0,
    "duration_s": 31.000812768936157
  },
  "output_dir": "control/policy/codex_iteration_3/frequency_compare",
  "peak_hz": {
    "actions": {
      "real": [
        2.0505,
        0.0526,
        2.0505,
        2.0505,
        2.0505,
        2.0505,
        1.9979,
        2.0505,
        2.0505,
        2.0505,
        2.0505,
        2.0505
      ],
      "sim": [
        0.4394,
        2.0993,
        2.0993,
        0.4394,
        0.4394,
        2.0993,
        0.4394,
        5.8585,
        1.7087,
        0.4394,
        1.7087,
        0.4394
      ]
    },
    "obs_joint_pos": {
      "real": [
        0.0526,
        0.0526,
        1.8402,
        1.8402,
        2.0505,
        2.0505,
        1.9979,
        2.0505,
        1.8402,
        2.0505,
        2.0505,
        2.0505
      ],
      "sim": [
        0.4394,
        0.4394,
        0.83,
        0.4394,
        0.4394,
        0.4394,
        1.7087,
        1.7087,
        1.7087,
        0.4394,
        0.4394,
        0.4394
      ]
    },
    "obs_joint_vel": {
      "real": [
        1.9979,
        3.8907,
        2.0505,
        1.8402,
        2.0505,
        2.0505,
        1.9979,
        2.0505,
        2.0505,
        2.0505,
        2.0505,
        2.0505
      ],
      "sim": [
        2.0993,
        2.5387,
        2.0993,
        2.5387,
        2.9292,
        2.5387,
        2.5387,
        1.7087,
        1.7087,
        2.0993,
        3.3686,
        6.6884
      ]
    }
  }
}